{"cameraMode":{"drawMode":0,"name":"Shaded","section":"Shading Mode"},"sceneLighting":true,"audioPlay":false,"sceneViewState":{"m_AlwaysRefresh":false,"showFog":true,"showSkybox":true,"showFlares":true,"showImageEffects":true,"showParticleSystems":true,"showVisualEffectGraphs":true,"m_FxEnabled":true},"in2DMode":false,"pivot":{"x":1.6590958833694459,"y":0.08969566971063614,"z":7.885380744934082},"rotation":{"x":-0.07955624163150788,"y":-0.06514918059110642,"z":0.0052072880789637569,"w":-0.9947079420089722},"size":4.538443565368652,"orthographic":false}